Date,Time,vRMS(mm/s),aRMS(g),aPeak(g),Temperature(â„ƒ)
2024-09-12,16:32:32,0,0,0,31
2024-09-12,16:32:33,0,0,0,31
2024-09-12,16:32:33,0,0,0,31
2024-09-12,16:32:33,0,0,0,31
2024-09-12,16:32:33,0,0,0,31
2024-09-12,16:32:33,0,0,0,31
2024-09-12,16:32:33,0,0,0,31
2024-09-12,16:32:33,0,0,0,31
2024-09-12,16:32:33,0,0,0,31
2024-09-12,16:32:33,0,0,0,31
2024-09-12,16:32:33,0,0,0,31
2024-09-12,16:32:33,0,0,0.01,31
2024-09-12,16:32:33,0,0,0.01,31
2024-09-12,16:32:33,0,0,0.01,31
2024-09-12,16:32:33,0,0,0.01,31
2024-09-12,16:32:33,0,0,0.01,31
2024-09-12,16:32:33,0,0,0.01,31
2024-09-12,16:32:33,0,0,0.01,31
2024-09-12,16:32:33,0,0,0.01,31
2024-09-12,16:32:33,0,0,0.01,31
2024-09-12,16:32:33,0,0,0.01,31
2024-09-12,16:32:33,0,0,0.01,31
2024-09-12,16:32:33,3,0.04,0.01,31
2024-09-12,16:32:33,3,0.04,0.01,31
2024-09-12,16:32:34,3,0.04,0.01,31
2024-09-12,16:32:34,3,0.04,0.01,31
2024-09-12,16:32:34,3,0.04,0.01,31
2024-09-12,16:32:34,3,0.04,0.01,31
2024-09-12,16:32:34,5,0.05,0.01,31
2024-09-12,16:32:34,5,0.05,0.01,31
2024-09-12,16:32:34,5,0.05,0.01,31
2024-09-12,16:32:34,7,0.07,0.01,31
2024-09-12,16:32:34,8,0.08,0.01,31
2024-09-12,16:32:34,8,0.08,0.01,31
2024-09-12,16:32:34,8,0.09,0.01,31
2024-09-12,16:32:34,8,0.09,0.01,31
2024-09-12,16:32:34,9,0.12,0.97,31
2024-09-12,16:32:34,9,0.12,0.97,31
2024-09-12,16:32:34,9,0.12,0.97,31
2024-09-12,16:32:34,9,0.12,0.97,31
2024-09-12,16:32:34,9,0.12,0.97,31
2024-09-12,16:32:34,10,0.12,0.97,31
2024-09-12,16:32:34,10,0.12,0.97,31
2024-09-12,16:32:34,10,0.12,0.97,31
2024-09-12,16:32:34,10,0.12,0.97,31
2024-09-12,16:32:34,11,0.12,0.97,31
2024-09-12,16:32:34,11,0.12,0.97,31
2024-09-12,16:32:34,11,0.12,0.97,31
2024-09-12,16:32:35,11,0.12,0.97,31
2024-09-12,16:32:35,11,0.12,0.97,31
2024-09-12,16:32:35,13,0.14,0.97,31
2024-09-12,16:32:35,13,0.14,0.97,31
2024-09-12,16:32:35,14,0.14,0.97,31
2024-09-12,16:32:35,14,0.14,0.97,31
2024-09-12,16:32:35,14,0.14,0.97,31
2024-09-12,16:32:35,14,0.14,0.97,31
2024-09-12,16:32:35,15,0.15,0.97,31
2024-09-12,16:32:35,15,0.15,0.97,31
2024-09-12,16:32:35,15,0.15,0.97,31
2024-09-12,16:32:35,15,0.14,0.97,31
2024-09-12,16:32:35,15,0.14,0.97,31
2024-09-12,16:32:35,19,0.16,1.16,31
2024-09-12,16:32:35,19,0.16,1.16,31
2024-09-12,16:32:35,19,0.16,1.16,31
2024-09-12,16:32:35,19,0.16,1.16,31
2024-09-12,16:32:35,20,0.17,1.16,31
2024-09-12,16:32:35,20,0.17,1.16,31
2024-09-12,16:32:35,22,0.17,1.16,31
2024-09-12,16:32:35,22,0.17,1.16,31
2024-09-12,16:32:35,22,0.17,1.16,31
2024-09-12,16:32:35,22,0.17,1.16,31
2024-09-12,16:32:35,25,0.18,1.16,31
2024-09-12,16:32:35,25,0.18,1.16,31
2024-09-12,16:32:35,25,0.18,1.16,31
2024-09-12,16:32:35,25,0.18,1.16,31
2024-09-12,16:32:36,25,0.18,1.16,31
2024-09-12,16:32:36,25,0.18,1.16,31
2024-09-12,16:32:36,25,0.18,1.16,31
2024-09-12,16:32:36,28,0.19,1.16,31
2024-09-12,16:32:36,28,0.19,1.16,31
2024-09-12,16:32:36,28,0.19,1.16,31
2024-09-12,16:32:36,28,0.19,1.16,31
2024-09-12,16:32:36,28,0.19,1.16,31
2024-09-12,16:32:36,32,0.24,1.16,31
2024-09-12,16:32:36,32,0.24,1.16,31
2024-09-12,16:32:36,33,0.23,1.16,31
2024-09-12,16:32:36,33,0.23,1.16,31
2024-09-12,16:32:36,37,0.25,1.16,31
2024-09-12,16:32:36,37,0.25,1.85,31
2024-09-12,16:32:36,37,0.25,1.85,31
2024-09-12,16:32:36,37,0.25,1.85,31
2024-09-12,16:32:36,42,0.27,1.85,31
2024-09-12,16:32:36,42,0.27,1.85,31
2024-09-12,16:32:36,44,0.28,1.85,31
2024-09-12,16:32:36,44,0.28,1.85,31
2024-09-12,16:32:36,46,0.3,1.85,31
2024-09-12,16:32:36,46,0.3,1.85,31
2024-09-12,16:32:36,54,0.34,1.85,31
2024-09-12,16:32:36,54,0.34,1.85,31
2024-09-12,16:32:36,56,0.34,1.85,31
2024-09-12,16:32:37,56,0.34,1.85,31
2024-09-12,16:32:37,56,0.34,1.85,31
2024-09-12,16:32:37,63,0.37,1.85,31
2024-09-12,16:32:37,63,0.37,1.85,31
2024-09-12,16:32:37,63,0.37,1.85,31
2024-09-12,16:32:37,71,0.42,1.85,31
2024-09-12,16:32:37,71,0.42,1.85,31
2024-09-12,16:32:37,76,0.44,1.85,31
2024-09-12,16:32:37,76,0.44,1.85,31
2024-09-12,16:32:37,76,0.44,1.85,31
2024-09-12,16:32:37,77,0.43,1.85,31
2024-09-12,16:32:37,77,0.43,1.85,31
2024-09-12,16:32:37,80,0.46,1.85,31
2024-09-12,16:32:37,80,0.45,1.85,31
2024-09-12,16:32:37,80,0.45,1.85,31
2024-09-12,16:32:37,83,0.46,1.7,31
2024-09-12,16:32:37,83,0.46,1.7,31
2024-09-12,16:32:37,84,0.47,1.7,31
2024-09-12,16:32:37,83,0.47,1.7,31
2024-09-12,16:32:37,83,0.47,1.7,31
2024-09-12,16:32:37,86,0.48,1.7,31
2024-09-12,16:32:37,86,0.48,1.7,31
2024-09-12,16:32:37,86,0.48,1.7,31
2024-09-12,16:32:37,86,0.48,1.7,31
2024-09-12,16:32:37,86,0.47,1.7,31
2024-09-12,16:32:37,86,0.47,1.7,31
2024-09-12,16:32:37,86,0.47,1.7,31
2024-09-12,16:32:38,86,0.48,1.7,31
2024-09-12,16:32:38,86,0.48,1.7,31
2024-09-12,16:32:38,86,0.5,1.7,31
2024-09-12,16:32:38,86,0.5,1.7,31
2024-09-12,16:32:38,89,0.5,1.7,31
2024-09-12,16:32:38,89,0.5,1.7,31
2024-09-12,16:32:38,88,0.5,1.7,31
2024-09-12,16:32:38,88,0.5,1.7,31
2024-09-12,16:32:38,90,0.5,1.7,31
2024-09-12,16:32:38,90,0.5,1.7,31
2024-09-12,16:32:38,90,0.49,1.7,31
2024-09-12,16:32:38,90,0.49,1.7,31
2024-09-12,16:32:38,92,0.51,1.7,31
2024-09-12,16:32:38,92,0.51,1.7,31
2024-09-12,16:32:38,92,0.5,1.7,31
2024-09-12,16:32:38,92,0.5,1.7,31
2024-09-12,16:32:38,95,0.53,1.7,31
2024-09-12,16:32:38,95,0.53,1.7,31
2024-09-12,16:32:38,95,0.53,1.7,31
2024-09-12,16:32:38,98,0.54,1.7,31
2024-09-12,16:32:38,98,0.54,1.7,31
2024-09-12,16:32:38,120,0.72,1.7,31
2024-09-12,16:32:38,120,0.72,1.7,31
2024-09-12,16:32:38,124,0.72,1.7,31
2024-09-12,16:32:38,124,0.72,1.7,31
2024-09-12,16:32:38,137,0.81,1.7,31
2024-09-12,16:32:39,137,0.81,1.7,31
2024-09-12,16:32:39,137,0.81,1.7,31
2024-09-12,16:32:39,141,0.8,1.7,31
2024-09-12,16:32:39,151,0.87,1.7,31
2024-09-12,16:32:39,151,0.87,1.7,31
2024-09-12,16:32:39,151,0.87,1.7,31
2024-09-12,16:32:39,154,0.87,1.7,31
2024-09-12,16:32:39,154,0.87,1.7,31
2024-09-12,16:32:39,161,0.9,1.7,31
2024-09-12,16:32:39,161,0.9,1.7,31
2024-09-12,16:32:39,161,0.9,1.7,31
2024-09-12,16:32:39,162,0.9,1.7,31
2024-09-12,16:32:39,165,0.93,1.7,31
2024-09-12,16:32:39,165,0.93,1.7,31
2024-09-12,16:32:39,165,0.93,1.7,31
2024-09-12,16:32:39,165,0.93,1.7,31
2024-09-12,16:32:39,165,0.93,1.7,31
2024-09-12,16:32:39,168,0.93,1.7,31
2024-09-12,16:32:39,168,0.93,1.7,31
2024-09-12,16:32:39,185,1.1,1.7,31
2024-09-12,16:32:39,185,1.1,1.7,31
2024-09-12,16:32:39,185,1.09,6.44,31
2024-09-12,16:32:39,185,1.09,6.44,31
2024-09-12,16:32:39,189,1.11,6.44,31
2024-09-12,16:32:39,189,1.11,6.44,31
2024-09-12,16:32:39,188,1.09,6.44,31
2024-09-12,16:32:39,188,1.09,6.44,31
2024-09-12,16:32:39,192,1.1,6.44,31
2024-09-12,16:32:40,192,1.1,6.44,31
2024-09-12,16:32:40,191,1.1,6.44,31
2024-09-12,16:32:40,191,1.1,6.44,31
2024-09-12,16:32:40,191,1.1,6.44,31
2024-09-12,16:32:40,191,1.1,6.44,31
2024-09-12,16:32:40,191,1.1,6.44,31
2024-09-12,16:32:40,193,1.1,6.44,31
2024-09-12,16:32:40,192,1.09,6.44,31
2024-09-12,16:32:40,192,1.09,6.44,31
2024-09-12,16:32:40,192,1.09,6.44,31
2024-09-12,16:32:40,192,1.09,6.44,31
2024-09-12,16:32:40,194,1.09,6.44,31
2024-09-12,16:32:40,194,1.09,6.44,31
2024-09-12,16:32:40,201,1.13,6.44,31
2024-09-12,16:32:40,201,1.13,6.44,31
2024-09-12,16:32:40,200,1.12,6.44,31
2024-09-12,16:32:40,200,1.12,6.44,31
2024-09-12,16:32:40,200,1.12,6.44,31
2024-09-12,16:32:40,198,1.1,6.44,31
2024-09-12,16:32:40,198,1.1,6.44,31
2024-09-12,16:32:40,198,1.1,6.44,31
2024-09-12,16:32:40,195,1.08,2.9,31
2024-09-12,16:32:40,191,1.06,2.9,31
2024-09-12,16:32:40,191,1.06,2.9,31
2024-09-12,16:32:40,188,1.04,2.9,31
2024-09-12,16:32:40,188,1.04,2.9,31
2024-09-12,16:32:40,204,1.32,2.9,31
2024-09-12,16:32:41,204,1.32,2.9,31
2024-09-12,16:32:41,221,1.36,2.9,31
2024-09-12,16:32:41,221,1.36,2.9,31
2024-09-12,16:32:41,222,1.35,2.9,31
2024-09-12,16:32:41,222,1.35,2.9,31
2024-09-12,16:32:41,219,1.33,2.9,31
2024-09-12,16:32:41,219,1.33,2.9,31
2024-09-12,16:32:41,219,1.33,2.9,31
2024-09-12,16:32:41,215,1.3,2.9,31
2024-09-12,16:32:41,215,1.3,2.9,31
2024-09-12,16:32:41,211,1.28,2.9,31
2024-09-12,16:32:41,211,1.28,2.9,31
2024-09-12,16:32:41,207,1.25,2.9,31
2024-09-12,16:32:41,207,1.25,2.9,31
2024-09-12,16:32:41,203,1.22,2.9,31
2024-09-12,16:32:41,203,1.22,2.9,31
2024-09-12,16:32:41,200,1.2,2.9,31
2024-09-12,16:32:41,196,1.18,2.9,31
2024-09-12,16:32:41,196,1.18,2.9,31
2024-09-12,16:32:41,196,1.18,2.9,31
2024-09-12,16:32:41,193,1.16,7.79,31
2024-09-12,16:32:41,193,1.16,7.79,31
2024-09-12,16:32:41,190,1.13,7.79,31
2024-09-12,16:32:41,190,1.13,7.79,31
2024-09-12,16:32:41,187,1.11,7.79,31
2024-09-12,16:32:41,187,1.11,7.79,31
2024-09-12,16:32:42,187,1.11,7.79,31
2024-09-12,16:32:42,187,1.11,7.79,31
2024-09-12,16:32:42,184,1.09,7.79,31
2024-09-12,16:32:42,184,1.09,7.79,31
2024-09-12,16:32:42,184,1.09,7.79,31
2024-09-12,16:32:42,180,1.07,7.79,31
2024-09-12,16:32:42,180,1.07,7.79,31
2024-09-12,16:32:42,176,1.04,7.79,31
2024-09-12,16:32:42,176,1.04,7.79,31
2024-09-12,16:32:42,173,1.02,7.79,31
2024-09-12,16:32:42,173,1.02,7.79,31
2024-09-12,16:32:42,170,1,7.79,31
2024-09-12,16:32:42,170,1,7.79,31
2024-09-12,16:32:42,167,0.99,7.79,31
2024-09-12,16:32:42,167,0.99,7.79,31
2024-09-12,16:32:42,178,1.22,7.79,31
2024-09-12,16:32:42,178,1.22,7.79,31
2024-09-12,16:32:42,189,1.27,7.79,31
2024-09-12,16:32:42,189,1.25,7.79,31
2024-09-12,16:32:42,189,1.25,7.79,31
2024-09-12,16:32:42,189,1.25,7.79,31
2024-09-12,16:32:42,186,1.23,7.79,31
2024-09-12,16:32:42,186,1.23,7.79,31
2024-09-12,16:32:42,186,1.23,7.79,31
2024-09-12,16:32:42,186,1.23,7.79,31
2024-09-12,16:32:42,183,1.21,7.83,31
2024-09-12,16:32:42,183,1.21,7.83,31
2024-09-12,16:32:43,179,1.18,7.83,31
2024-09-12,16:32:43,179,1.18,7.83,31
2024-09-12,16:32:43,176,1.15,7.83,31
2024-09-12,16:32:43,176,1.15,7.83,31
2024-09-12,16:32:43,173,1.13,7.83,31
2024-09-12,16:32:43,173,1.13,7.83,31
2024-09-12,16:32:43,170,1.11,7.83,31
2024-09-12,16:32:43,170,1.11,7.83,31
2024-09-12,16:32:43,170,1.11,7.83,31
2024-09-12,16:32:43,167,1.09,7.83,31
2024-09-12,16:32:43,167,1.09,7.83,31
2024-09-12,16:32:43,164,1.07,7.83,31
2024-09-12,16:32:43,164,1.07,7.83,31
2024-09-12,16:32:43,161,1.05,7.83,31
2024-09-12,16:32:43,161,1.05,7.83,31
2024-09-12,16:32:43,159,1.03,7.83,31
2024-09-12,16:32:43,159,1.03,7.83,31
2024-09-12,16:32:43,159,1.03,7.83,31
2024-09-12,16:32:43,156,1.01,7.83,31
2024-09-12,16:32:43,156,1.01,7.83,31
2024-09-12,16:32:43,156,1.01,7.83,31
2024-09-12,16:32:43,156,1.01,7.83,31
2024-09-12,16:32:43,154,0.99,7.83,31
2024-09-12,16:32:43,150,0.97,7.83,31
2024-09-12,16:32:43,150,0.97,7.83,31
2024-09-12,16:32:43,150,0.97,7.83,31
2024-09-12,16:32:43,148,0.95,0.23,31
2024-09-12,16:32:43,148,0.95,0.23,31
2024-09-12,16:32:43,145,0.93,0.23,31
2024-09-12,16:32:44,145,0.93,0.23,31
2024-09-12,16:32:44,147,0.99,0.23,31
2024-09-12,16:32:44,147,0.99,0.23,31
2024-09-12,16:32:44,161,1.03,0.23,31
2024-09-12,16:32:44,161,1.03,0.23,31
2024-09-12,16:32:44,165,1.04,0.23,31
2024-09-12,16:32:44,164,1.02,0.23,31
2024-09-12,16:32:44,164,1.02,0.23,31
2024-09-12,16:32:44,161,1.01,0.23,31
2024-09-12,16:32:44,161,1.01,0.23,31
2024-09-12,16:32:44,159,0.99,0.23,31
2024-09-12,16:32:44,159,0.99,0.23,31
2024-09-12,16:32:44,159,0.99,0.23,31
2024-09-12,16:32:44,159,0.99,0.23,31
2024-09-12,16:32:44,156,0.97,0.23,31
2024-09-12,16:32:44,156,0.97,0.23,31
2024-09-12,16:32:44,156,0.97,0.23,31
2024-09-12,16:32:44,153,0.95,0.23,31
2024-09-12,16:32:44,153,0.95,0.23,31
2024-09-12,16:32:44,150,0.93,0.23,31
2024-09-12,16:32:44,150,0.93,0.23,31
2024-09-12,16:32:44,147,0.91,0.23,31
2024-09-12,16:32:44,147,0.91,0.23,31
2024-09-12,16:32:44,145,0.89,3.88,31
2024-09-12,16:32:44,145,0.89,3.88,31
2024-09-12,16:32:44,142,0.87,3.88,31
2024-09-12,16:32:45,142,0.87,3.88,31
2024-09-12,16:32:45,140,0.86,3.88,31
2024-09-12,16:32:45,140,0.86,3.88,31
2024-09-12,16:32:45,138,0.84,3.88,31
2024-09-12,16:32:45,138,0.84,3.88,31
2024-09-12,16:32:45,135,0.82,3.88,31
2024-09-12,16:32:45,135,0.82,3.88,31
2024-09-12,16:32:45,133,0.81,3.88,31
2024-09-12,16:32:45,133,0.81,3.88,31
2024-09-12,16:32:45,133,0.81,3.88,31
2024-09-12,16:32:45,133,0.81,3.88,31
2024-09-12,16:32:45,131,0.79,3.88,31
2024-09-12,16:32:45,131,0.79,3.88,31
2024-09-12,16:32:45,128,0.78,3.88,31
2024-09-12,16:32:45,126,0.76,3.88,31
2024-09-12,16:32:45,126,0.76,3.88,31
2024-09-12,16:32:45,123,0.74,3.88,31
2024-09-12,16:32:45,123,0.74,3.88,31
2024-09-12,16:32:45,121,0.73,3.88,31
2024-09-12,16:32:45,121,0.73,3.88,31
2024-09-12,16:32:45,121,0.73,3.88,31
2024-09-12,16:32:45,119,0.72,3.88,31
2024-09-12,16:32:45,119,0.72,3.88,31
2024-09-12,16:32:45,135,0.84,3.88,31
2024-09-12,16:32:45,149,0.9,3.88,31
2024-09-12,16:32:45,149,0.9,3.88,31
2024-09-12,16:32:46,153,0.91,3.88,31
2024-09-12,16:32:46,153,0.91,3.88,31
2024-09-12,16:32:46,153,0.91,3.88,31
2024-09-12,16:32:46,153,0.91,3.88,31
2024-09-12,16:32:46,153,0.91,3.88,31
2024-09-12,16:32:46,153,0.91,3.88,31
2024-09-12,16:32:46,150,0.89,3.88,31
2024-09-12,16:32:46,150,0.89,3.88,31
2024-09-12,16:32:46,148,0.87,3.88,31
2024-09-12,16:32:46,145,0.85,3.88,31
2024-09-12,16:32:46,145,0.85,3.88,31
2024-09-12,16:32:46,145,0.85,3.88,31
2024-09-12,16:32:46,142,0.84,3.88,31
2024-09-12,16:32:46,142,0.84,3.88,31
2024-09-12,16:32:46,142,0.84,3.88,31
2024-09-12,16:32:46,140,0.82,3.88,31
2024-09-12,16:32:46,140,0.82,3.88,31
2024-09-12,16:32:46,137,0.8,3.88,31
2024-09-12,16:32:46,135,0.79,3.88,31
2024-09-12,16:32:46,135,0.79,3.88,31
2024-09-12,16:32:46,135,0.79,3.88,31
2024-09-12,16:32:46,133,0.77,3.88,31
2024-09-12,16:32:46,133,0.77,3.88,31
2024-09-12,16:32:46,130,0.76,3.88,31
2024-09-12,16:32:46,130,0.76,3.88,31
2024-09-12,16:32:46,128,0.75,3.88,31
2024-09-12,16:32:46,128,0.75,3.88,31
2024-09-12,16:32:47,128,0.75,3.88,31
2024-09-12,16:32:47,128,0.75,3.88,31
2024-09-12,16:32:47,126,0.73,1.5,31
2024-09-12,16:32:47,126,0.73,1.5,31
2024-09-12,16:32:47,124,0.72,1.5,31
2024-09-12,16:32:47,124,0.72,1.5,31
2024-09-12,16:32:47,124,0.72,1.5,31
2024-09-12,16:32:47,133,0.8,1.5,31
2024-09-12,16:32:47,140,0.81,1.5,31
2024-09-12,16:32:47,143,0.82,1.5,31
2024-09-12,16:32:47,143,0.82,1.5,31
2024-09-12,16:32:47,143,0.82,1.5,31
2024-09-12,16:32:47,142,0.81,1.5,31
2024-09-12,16:32:47,142,0.81,1.5,31
2024-09-12,16:32:47,140,0.79,1.5,31
2024-09-12,16:32:47,140,0.79,1.5,31
2024-09-12,16:32:47,138,0.78,1.5,31
2024-09-12,16:32:47,138,0.78,1.5,31
2024-09-12,16:32:47,135,0.76,1.5,31
2024-09-12,16:32:47,135,0.76,1.5,31
2024-09-12,16:32:47,135,0.76,1.5,31
2024-09-12,16:32:47,133,0.75,1.5,31
2024-09-12,16:32:47,133,0.75,1.5,31
2024-09-12,16:32:47,133,0.75,1.5,31
2024-09-12,16:32:47,131,0.74,1.5,31
2024-09-12,16:32:47,131,0.74,1.5,31
2024-09-12,16:32:47,128,0.72,1.5,31
2024-09-12,16:32:48,128,0.72,1.5,31
2024-09-12,16:32:48,128,0.72,1.5,31
2024-09-12,16:32:48,126,0.7,2.86,31
2024-09-12,16:32:48,124,0.69,2.86,31
2024-09-12,16:32:48,124,0.69,2.86,31
2024-09-12,16:32:48,122,0.69,2.86,31
2024-09-12,16:32:48,122,0.69,2.86,31
2024-09-12,16:32:48,124,0.69,2.86,31
2024-09-12,16:32:48,124,0.69,2.86,31
2024-09-12,16:32:48,126,0.69,2.86,31
2024-09-12,16:32:48,126,0.69,2.86,31
2024-09-12,16:32:48,129,0.7,2.86,31
2024-09-12,16:32:48,129,0.7,2.86,31
2024-09-12,16:32:48,128,0.69,2.86,31
2024-09-12,16:32:48,128,0.69,2.86,31
2024-09-12,16:32:48,126,0.68,2.86,31
2024-09-12,16:32:48,126,0.68,2.86,31
2024-09-12,16:32:48,126,0.68,2.86,31
2024-09-12,16:32:48,124,0.67,2.86,31
2024-09-12,16:32:48,124,0.67,2.86,31
2024-09-12,16:32:48,124,0.67,2.86,31
2024-09-12,16:32:48,121,0.65,2.86,31
2024-09-12,16:32:48,121,0.65,2.86,31
2024-09-12,16:32:48,119,0.64,2.86,31
2024-09-12,16:32:48,119,0.64,2.86,31
2024-09-12,16:32:48,118,0.64,2.86,31
2024-09-12,16:32:49,118,0.64,2.86,31
2024-09-12,16:32:49,122,0.66,2.86,31
2024-09-12,16:32:49,123,0.65,1.62,31
2024-09-12,16:32:49,123,0.65,1.62,31
2024-09-12,16:32:49,124,0.65,1.62,31
2024-09-12,16:32:49,124,0.65,1.62,31
2024-09-12,16:32:49,123,0.64,1.62,31
2024-09-12,16:32:49,123,0.64,1.62,31
2024-09-12,16:32:49,121,0.63,1.62,31
2024-09-12,16:32:49,121,0.63,1.62,31
2024-09-12,16:32:49,119,0.62,1.62,31
2024-09-12,16:32:49,119,0.62,1.62,31
2024-09-12,16:32:49,119,0.62,1.62,31
2024-09-12,16:32:49,119,0.62,1.62,31
2024-09-12,16:32:49,118,0.62,1.62,31
2024-09-12,16:32:49,118,0.62,1.62,31
2024-09-12,16:32:49,123,0.66,1.62,31
2024-09-12,16:32:49,123,0.66,1.62,31
2024-09-12,16:32:49,125,0.67,1.62,31
2024-09-12,16:32:49,125,0.67,1.62,31
2024-09-12,16:32:49,123,0.66,1.62,31
2024-09-12,16:32:49,123,0.66,1.62,31
2024-09-12,16:32:49,121,0.65,1.62,31
2024-09-12,16:32:49,119,0.63,1.62,31
2024-09-12,16:32:49,119,0.63,1.62,31
2024-09-12,16:32:50,118,0.63,1.62,31
2024-09-12,16:32:50,118,0.63,1.62,31
2024-09-12,16:32:50,118,0.63,1.62,31
2024-09-12,16:32:50,118,0.63,1.62,31
2024-09-12,16:32:50,118,0.63,3.06,31
2024-09-12,16:32:50,119,0.62,3.06,31
2024-09-12,16:32:50,119,0.62,3.06,31
2024-09-12,16:32:50,119,0.62,3.06,31
2024-09-12,16:32:50,118,0.61,3.06,31
2024-09-12,16:32:50,118,0.61,3.06,31
2024-09-12,16:32:50,118,0.61,3.06,31
2024-09-12,16:32:50,116,0.6,3.06,31
2024-09-12,16:32:50,116,0.6,3.06,31
2024-09-12,16:32:50,114,0.59,3.06,31
2024-09-12,16:32:50,114,0.59,3.06,31
2024-09-12,16:32:50,114,0.59,3.06,31
2024-09-12,16:32:50,116,0.61,3.06,31
2024-09-12,16:32:50,116,0.61,3.06,31
2024-09-12,16:32:50,116,0.6,3.06,31
2024-09-12,16:32:50,114,0.6,3.06,31
2024-09-12,16:32:50,114,0.6,3.06,31
2024-09-12,16:32:50,114,0.6,3.06,31
2024-09-12,16:32:50,115,0.6,3.06,31
2024-09-12,16:32:50,115,0.6,3.06,31
2024-09-12,16:32:50,114,0.59,3.06,31
2024-09-12,16:32:50,114,0.59,3.06,31
2024-09-12,16:32:51,116,0.6,3.06,31
2024-09-12,16:32:51,115,0.6,3.06,31
2024-09-12,16:32:51,115,0.6,3.06,31
2024-09-12,16:32:51,115,0.6,3.06,31
2024-09-12,16:32:51,115,0.6,3.06,31
2024-09-12,16:32:51,114,0.6,1.53,31
2024-09-12,16:32:51,114,0.6,1.53,31
2024-09-12,16:32:51,116,0.66,1.53,31
2024-09-12,16:32:51,116,0.66,1.53,31
2024-09-12,16:32:51,116,0.67,1.53,31
2024-09-12,16:32:51,116,0.66,1.53,31
2024-09-12,16:32:51,116,0.66,1.53,31
2024-09-12,16:32:51,116,0.66,1.53,31
2024-09-12,16:32:51,114,0.65,1.53,31
2024-09-12,16:32:51,112,0.64,1.53,31
2024-09-12,16:32:51,112,0.64,1.53,31
2024-09-12,16:32:51,112,0.64,1.53,31
2024-09-12,16:32:51,111,0.63,1.53,31
2024-09-12,16:32:51,111,0.63,1.53,31
2024-09-12,16:32:51,109,0.62,1.53,31
2024-09-12,16:32:51,109,0.62,1.53,31
2024-09-12,16:32:51,107,0.6,1.53,31
2024-09-12,16:32:51,107,0.6,1.53,31
2024-09-12,16:32:51,105,0.59,1.53,31
2024-09-12,16:32:51,105,0.59,1.53,31
2024-09-12,16:32:51,105,0.59,1.53,31
2024-09-12,16:32:51,105,0.59,1.53,31
2024-09-12,16:32:52,105,0.59,1.53,31
2024-09-12,16:32:52,103,0.58,1.53,31
2024-09-12,16:43:01,0,0,0,31
2024-09-12,16:43:01,0,0,0,31
2024-09-12,16:43:01,0,0,0,31
2024-09-12,16:43:01,0,0,0,31
2024-09-12,16:43:02,0,0,0,31
2024-09-12,16:43:02,0,0,0,31
2024-09-12,16:43:02,0,0,0,31
2024-09-12,16:43:02,0,0,0,31
2024-09-12,16:43:02,0,0,0,31
2024-09-12,16:43:02,0,0,0,31
2024-09-12,16:43:02,0,0,0,31
2024-09-12,16:43:02,0,0,0,31
2024-09-12,16:43:02,0,0,0,31
2024-09-12,16:43:02,0,0,0,31
2024-09-12,16:43:02,0,0,0,31
2024-09-12,16:43:02,0,0,0,31
2024-09-12,16:43:02,0,0,0,31
2024-09-12,16:43:02,0,0,0,31
2024-09-12,16:43:02,0,0,0,31
2024-09-12,16:43:02,0,0,0,31
2024-09-12,16:43:02,0,0,0,31
2024-09-12,16:43:02,0,0,0,31
2024-09-12,16:43:02,0,0,0,31
2024-09-12,16:43:02,0,0,0,31
2024-09-12,16:43:02,0,0,0,31
2024-09-12,16:43:02,0,0,0,31
2024-09-12,16:43:02,0,0,0,31
2024-09-12,16:43:02,0,0,0,31
2024-09-12,16:43:02,0,0,0,31
2024-09-12,16:43:03,0,0,0,31
2024-09-12,16:43:03,0,0,0,31
2024-09-12,16:43:03,0,0,0,31
2024-09-12,16:43:03,0,0,0,31
2024-09-12,16:43:03,0,0.01,0,31
2024-09-12,16:43:03,0,0.01,0,31
2024-09-12,16:43:03,1,0.01,0,31
2024-09-12,16:43:03,6,0.07,0,31
2024-09-12,16:43:03,6,0.07,0,31
2024-09-12,16:43:03,8,0.08,0,31
2024-09-12,16:43:03,8,0.08,0,31
2024-09-12,16:43:03,8,0.08,0,31
2024-09-12,16:43:03,9,0.08,0,31
2024-09-12,16:43:03,9,0.08,0,31
2024-09-12,16:43:03,9,0.08,0,31
2024-09-12,16:43:03,10,0.08,0,31
2024-09-12,16:43:03,10,0.08,0,31
2024-09-12,16:43:03,10,0.08,0,31
2024-09-12,16:43:03,10,0.08,1.3,31
2024-09-12,16:43:03,10,0.08,1.3,31
2024-09-12,16:43:03,10,0.08,1.3,31
2024-09-12,16:43:03,10,0.08,1.3,31
2024-09-12,16:43:03,10,0.08,1.3,31
2024-09-12,16:43:03,10,0.08,1.3,31
2024-09-12,16:43:03,10,0.08,1.3,31
2024-09-12,16:43:03,10,0.08,1.3,31
2024-09-12,16:43:03,10,0.08,1.3,31
2024-09-12,16:43:03,10,0.08,1.3,31
2024-09-12,16:43:04,10,0.08,1.3,31
2024-09-12,16:43:04,10,0.08,1.3,31
2024-09-12,16:43:04,10,0.08,1.3,31
2024-09-12,16:43:04,11,0.09,1.3,31
2024-09-12,16:43:04,11,0.09,1.3,31
2024-09-12,16:43:04,12,0.09,1.3,31
2024-09-12,16:43:04,12,0.09,1.3,31
2024-09-12,16:43:04,12,0.09,1.3,31
2024-09-12,16:43:04,12,0.09,1.3,31
2024-09-12,16:43:04,12,0.09,1.3,31
2024-09-12,16:43:04,12,0.09,1.3,31
2024-09-12,16:43:04,12,0.09,1.3,31
2024-09-12,16:43:04,12,0.09,1.3,31
2024-09-12,16:43:04,12,0.09,1.3,31
2024-09-12,16:43:04,12,0.09,1.3,31
2024-09-12,16:43:04,12,0.09,1.3,31
2024-09-12,16:43:04,12,0.09,1.3,31
2024-09-12,16:43:04,13,0.09,1.3,32
2024-09-12,16:43:04,13,0.09,1.3,32
2024-09-12,16:43:04,14,0.09,0.45,32
2024-09-12,16:43:04,16,0.1,0.45,32
2024-09-12,16:43:04,18,0.1,0.45,32
2024-09-12,16:43:04,18,0.1,0.45,32
2024-09-12,16:43:04,19,0.1,0.45,32
2024-09-12,16:43:04,19,0.1,0.45,32
2024-09-12,16:43:04,20,0.11,0.45,32
2024-09-12,16:43:04,20,0.11,0.45,32
2024-09-12,16:43:05,20,0.11,0.45,32
2024-09-12,16:43:05,21,0.11,0.45,32
2024-09-12,16:43:05,23,0.12,0.45,32
2024-09-12,16:43:05,23,0.12,0.45,32
2024-09-12,16:43:05,23,0.12,0.45,32
2024-09-12,16:43:05,23,0.12,0.45,32
2024-09-12,16:43:05,24,0.12,0.45,32
2024-09-12,16:43:05,24,0.12,0.45,32
2024-09-12,16:43:05,27,0.15,0.45,32
2024-09-12,16:43:05,27,0.15,0.45,32
2024-09-12,16:43:05,29,0.16,0.45,32
2024-09-12,16:43:05,29,0.16,0.45,32
2024-09-12,16:43:05,33,0.17,0.45,32
2024-09-12,16:43:05,33,0.17,0.45,32
2024-09-12,16:43:05,34,0.17,0.45,32
2024-09-12,16:43:05,34,0.17,0.45,32
2024-09-12,16:43:05,36,0.18,0.45,32
2024-09-12,16:43:05,36,0.18,0.45,32
2024-09-12,16:43:05,37,0.18,0.82,32
2024-09-12,16:43:05,37,0.18,0.82,32
2024-09-12,16:43:05,37,0.18,0.82,32
2024-09-12,16:43:05,38,0.18,0.82,32
2024-09-12,16:43:05,38,0.18,0.82,32
2024-09-12,16:43:05,39,0.18,0.82,32
2024-09-12,16:43:05,39,0.18,0.82,32
2024-09-12,16:43:06,39,0.18,0.82,32
2024-09-12,16:43:06,40,0.19,0.82,32
2024-09-12,16:43:06,40,0.19,0.82,32
2024-09-12,16:43:06,42,0.2,0.82,32
2024-09-12,16:43:06,42,0.2,0.82,32
2024-09-12,16:43:06,42,0.2,0.82,32
2024-09-12,16:43:06,42,0.2,0.82,32
2024-09-12,16:43:06,42,0.2,0.82,32
2024-09-12,16:43:06,42,0.2,0.82,32
2024-09-12,16:43:06,42,0.2,0.82,32
2024-09-12,16:43:06,42,0.2,0.82,32
2024-09-12,16:43:06,42,0.2,0.82,32
2024-09-12,16:43:06,42,0.2,0.82,32
2024-09-12,16:43:06,42,0.19,0.82,31
2024-09-12,16:43:06,42,0.19,0.82,31
2024-09-12,16:43:06,42,0.19,0.82,31
2024-09-12,16:43:06,42,0.19,0.82,31
2024-09-12,16:43:06,42,0.19,0.82,31
2024-09-12,16:43:06,42,0.19,0.6,31
2024-09-12,16:43:06,42,0.19,0.6,31
2024-09-12,16:43:06,42,0.19,0.6,31
2024-09-12,16:43:06,43,0.19,0.6,31
2024-09-12,16:43:06,43,0.19,0.6,31
2024-09-12,16:43:06,48,0.24,0.6,31
2024-09-12,16:43:07,48,0.24,0.6,31
2024-09-12,16:43:07,49,0.24,0.6,31
2024-09-12,16:43:07,49,0.24,0.6,31
2024-09-12,16:43:07,49,0.24,0.6,31
2024-09-12,16:43:07,51,0.25,0.6,31
2024-09-12,16:43:07,51,0.25,0.6,31
2024-09-12,16:43:07,52,0.26,0.6,31
2024-09-12,16:43:07,52,0.26,0.6,31
2024-09-12,16:43:07,54,0.26,0.6,31
2024-09-12,16:43:07,54,0.26,0.6,31
2024-09-12,16:43:07,55,0.27,0.6,31
2024-09-12,16:43:07,55,0.27,0.6,31
2024-09-12,16:43:07,55,0.27,0.6,31
2024-09-12,16:43:07,55,0.27,0.6,31
2024-09-12,16:43:07,56,0.27,0.6,31
2024-09-12,16:43:07,56,0.27,0.6,31
2024-09-12,16:43:07,56,0.27,0.6,31
2024-09-12,16:43:07,57,0.27,0.6,31
2024-09-12,16:43:07,57,0.27,0.6,31
2024-09-12,16:43:07,57,0.27,0.6,31
2024-09-12,16:43:07,57,0.27,0.6,31
2024-09-12,16:43:07,57,0.27,0.6,31
2024-09-12,16:43:07,59,0.29,1.6,31
2024-09-12,16:43:07,59,0.29,1.6,31
2024-09-12,16:43:07,59,0.29,1.6,31
2024-09-12,16:43:07,59,0.28,1.6,31
2024-09-12,16:43:08,59,0.28,1.6,31
2024-09-12,16:43:08,59,0.28,1.6,31
2024-09-12,16:43:08,58,0.28,1.6,31
2024-09-12,16:43:08,58,0.28,1.6,31
2024-09-12,16:43:08,58,0.28,1.6,31
2024-09-12,16:43:08,58,0.28,1.6,31
2024-09-12,16:43:08,58,0.27,1.6,31
2024-09-12,16:43:08,58,0.27,1.6,31
2024-09-12,16:43:08,57,0.27,1.6,31
2024-09-12,16:43:08,57,0.27,1.6,31
2024-09-12,16:43:08,57,0.27,1.6,31
2024-09-12,16:43:08,57,0.27,1.6,31
2024-09-12,16:43:08,57,0.27,1.6,31
2024-09-12,16:43:08,57,0.27,1.6,31
2024-09-12,16:43:08,57,0.27,1.6,31
2024-09-12,16:43:08,57,0.27,1.6,31
2024-09-12,16:43:08,57,0.27,1.6,31
2024-09-12,16:43:08,64,0.34,1.6,31
2024-09-12,16:43:08,64,0.34,1.6,31
2024-09-12,16:43:08,64,0.34,1.6,31
2024-09-12,16:43:08,66,0.36,1.6,31
2024-09-12,16:43:08,66,0.36,1.6,31
2024-09-12,16:43:08,67,0.35,1.6,31
2024-09-12,16:43:08,67,0.35,1.6,31
2024-09-12,16:43:08,71,0.38,2.69,31
2024-09-12,16:43:08,71,0.38,2.69,31
2024-09-12,16:43:08,71,0.38,2.69,31
2024-09-12,16:43:08,74,0.38,2.69,31
2024-09-12,16:43:08,74,0.38,2.69,31
2024-09-12,16:43:09,78,0.41,2.69,31
2024-09-12,16:43:09,78,0.41,2.69,31
2024-09-12,16:43:09,80,0.41,2.69,31
2024-09-12,16:43:09,80,0.41,2.69,31
2024-09-12,16:43:09,80,0.41,2.69,31
2024-09-12,16:43:09,83,0.44,2.69,31
2024-09-12,16:43:09,83,0.44,2.69,31
2024-09-12,16:43:09,86,0.44,2.69,31
2024-09-12,16:43:09,86,0.44,2.69,31
2024-09-12,16:43:09,86,0.44,2.69,31
2024-09-12,16:43:09,89,0.47,2.69,31
2024-09-12,16:43:09,89,0.47,2.69,31
2024-09-12,16:43:09,96,0.54,2.69,31
2024-09-12,16:43:09,96,0.54,2.69,31
2024-09-12,16:43:09,97,0.54,2.69,31
2024-09-12,16:43:09,97,0.54,2.69,31
2024-09-12,16:43:09,99,0.55,2.69,31
2024-09-12,16:43:09,99,0.55,2.69,31
2024-09-12,16:43:09,100,0.55,2.69,31
2024-09-12,16:43:09,100,0.55,2.69,31
2024-09-12,16:43:09,103,0.56,2.69,32
2024-09-12,16:43:09,103,0.56,2.69,32
2024-09-12,16:43:09,103,0.56,2.69,32
2024-09-12,16:43:09,103,0.56,2.69,32
2024-09-12,16:43:09,105,0.57,2.79,32
2024-09-12,16:43:09,108,0.58,2.79,32
2024-09-12,16:43:09,108,0.58,2.79,32
2024-09-12,16:43:09,108,0.58,2.79,32
2024-09-12,16:43:10,110,0.6,2.79,32
2024-09-12,16:43:10,113,0.61,2.79,32
2024-09-12,16:43:10,113,0.61,2.79,32
2024-09-12,16:43:10,114,0.61,2.79,32
2024-09-12,16:43:10,114,0.61,2.79,32
2024-09-12,16:43:10,114,0.61,2.79,32
2024-09-12,16:43:10,123,0.7,2.79,32
2024-09-12,16:43:10,125,0.71,2.79,32
2024-09-12,16:43:10,125,0.71,2.79,32
2024-09-12,16:43:10,125,0.71,2.79,32
2024-09-12,16:43:10,125,0.71,2.79,32
2024-09-12,16:43:10,125,0.71,2.79,32
2024-09-12,16:43:10,126,0.71,2.79,32
2024-09-12,16:43:10,126,0.71,2.79,32
2024-09-12,16:43:10,126,0.71,2.79,32
2024-09-12,16:43:10,126,0.71,2.79,32
2024-09-12,16:43:10,127,0.71,2.79,31
2024-09-12,16:43:10,127,0.71,2.79,31
2024-09-12,16:43:10,127,0.71,2.79,31
2024-09-12,16:43:10,129,0.71,2.79,31
2024-09-12,16:43:10,129,0.71,2.79,31
2024-09-12,16:43:10,129,0.71,4.42,32
2024-09-12,16:43:10,129,0.71,4.42,32
2024-09-12,16:43:10,129,0.71,4.42,32
2024-09-12,16:43:10,129,0.71,4.42,32
2024-09-12,16:43:11,131,0.72,4.42,32
2024-09-12,16:43:11,131,0.72,4.42,32
2024-09-12,16:43:11,137,0.79,4.42,32
2024-09-12,16:43:11,137,0.79,4.42,32
2024-09-12,16:43:11,137,0.79,4.42,32
2024-09-12,16:43:11,138,0.8,4.42,32
2024-09-12,16:43:11,139,0.8,4.42,32
2024-09-12,16:43:11,142,0.8,4.42,32
2024-09-12,16:43:11,142,0.8,4.42,32
2024-09-12,16:43:11,142,0.8,4.42,32
2024-09-12,16:43:11,143,0.8,4.42,32
2024-09-12,16:43:11,143,0.8,4.42,32
2024-09-12,16:43:11,143,0.79,4.42,32
2024-09-12,16:43:11,145,0.8,4.42,32
2024-09-12,16:43:11,145,0.8,4.42,32
2024-09-12,16:43:11,145,0.8,4.42,32
2024-09-12,16:43:11,145,0.8,4.42,32
2024-09-12,16:43:11,145,0.8,4.42,32
2024-09-12,16:43:11,145,0.8,4.42,32
2024-09-12,16:43:11,145,0.8,4.42,32
2024-09-12,16:43:11,146,0.8,4.42,32
2024-09-12,16:43:11,146,0.8,4.42,32
2024-09-12,16:43:11,146,0.8,4.42,32
2024-09-12,16:43:11,150,0.87,4.42,31
2024-09-12,16:43:12,150,0.87,4.42,31
2024-09-12,16:43:12,151,0.88,3.99,31
2024-09-12,16:43:12,151,0.88,3.99,31
2024-09-12,16:43:12,152,0.87,3.99,31
2024-09-12,16:43:12,152,0.87,3.99,31
2024-09-12,16:43:12,154,0.88,3.99,31
2024-09-12,16:43:12,154,0.87,3.99,31
2024-09-12,16:43:12,154,0.87,3.99,31
2024-09-12,16:43:12,156,0.88,3.99,31
2024-09-12,16:43:12,156,0.88,3.99,31
2024-09-12,16:43:12,156,0.87,3.99,31
2024-09-12,16:43:12,158,0.87,3.99,31
2024-09-12,16:43:12,158,0.87,3.99,31
2024-09-12,16:43:12,157,0.87,3.99,31
2024-09-12,16:43:12,157,0.87,3.99,31
2024-09-12,16:43:12,157,0.87,3.99,31
2024-09-12,16:43:12,157,0.87,3.99,31
2024-09-12,16:43:12,157,0.87,3.99,31
2024-09-12,16:43:12,157,0.87,3.99,31
2024-09-12,16:43:12,159,0.9,3.99,31
2024-09-12,16:43:12,159,0.9,3.99,31
2024-09-12,16:43:12,159,0.9,3.99,31
2024-09-12,16:43:12,158,0.89,3.99,31
2024-09-12,16:43:12,158,0.89,3.99,31
2024-09-12,16:43:12,159,0.89,3.99,31
2024-09-12,16:43:13,159,0.89,3.99,31
2024-09-12,16:43:13,159,0.89,2.31,31
2024-09-12,16:43:13,159,0.89,2.31,31
2024-09-12,16:43:13,159,0.88,2.31,31
2024-09-12,16:43:13,159,0.88,2.31,31
2024-09-12,16:43:13,159,0.88,2.31,31
2024-09-12,16:43:13,159,0.87,2.31,31
2024-09-12,16:43:13,159,0.87,2.31,31
2024-09-12,16:43:13,159,0.87,2.31,31
2024-09-12,16:43:13,159,0.87,2.31,31
2024-09-12,16:43:13,158,0.86,2.31,31
2024-09-12,16:43:13,158,0.86,2.31,31
2024-09-12,16:43:13,158,0.86,2.31,31
2024-09-12,16:43:13,158,0.86,2.31,31
2024-09-12,16:43:13,158,0.87,2.31,31
2024-09-12,16:43:13,165,0.94,2.31,31
2024-09-12,16:43:13,165,0.94,2.31,31
2024-09-12,16:43:13,165,0.94,2.31,31
2024-09-12,16:43:13,166,0.94,2.31,31
2024-09-12,16:43:13,166,0.94,2.31,31
2024-09-12,16:43:13,166,0.93,2.31,31
2024-09-12,16:43:13,166,0.93,2.31,31
2024-09-12,16:43:13,164,0.92,2.31,31
2024-09-12,16:43:13,164,0.92,2.31,31
2024-09-12,16:43:13,165,0.92,2.31,31
2024-09-12,16:43:14,165,0.92,2.31,31
2024-09-12,16:43:14,164,0.91,2.31,31
2024-09-12,16:43:14,164,0.91,2.31,31
2024-09-12,16:43:14,164,0.91,4.03,31
2024-09-12,16:43:14,164,0.9,4.03,31
2024-09-12,16:43:14,164,0.9,4.03,31
2024-09-12,16:43:14,165,0.91,4.03,31
2024-09-12,16:43:14,165,0.91,4.03,31
2024-09-12,16:43:14,165,0.91,4.03,31
2024-09-12,16:43:14,165,0.91,4.03,31
2024-09-12,16:43:14,165,0.9,4.03,31
2024-09-12,16:43:14,165,0.9,4.03,31
2024-09-12,16:43:14,164,0.91,4.03,31
2024-09-12,16:43:14,164,0.91,4.03,31
2024-09-12,16:43:14,167,0.93,4.03,31
2024-09-12,16:43:14,167,0.93,4.03,31
2024-09-12,16:43:14,167,0.93,4.03,31
2024-09-12,16:43:14,169,0.95,4.03,31
2024-09-12,16:43:14,169,0.95,4.03,31
2024-09-12,16:43:14,174,0.98,4.03,31
2024-09-12,16:43:14,174,0.98,4.03,31
2024-09-12,16:43:14,174,0.98,4.03,31
2024-09-12,16:43:14,178,1,4.03,31
2024-09-12,16:43:14,181,1.01,4.03,31
2024-09-12,16:43:14,181,1.01,4.03,31
2024-09-12,16:43:14,181,1.01,4.03,31
2024-09-12,16:43:14,187,1.04,4.03,31
2024-09-12,16:43:15,189,1.04,4.03,31
2024-09-12,16:43:15,189,1.04,4.03,31
2024-09-12,16:43:15,189,1.05,4.03,31
2024-09-12,16:43:15,189,1.05,4.03,31
2024-09-12,16:43:15,189,1.05,4.03,31
2024-09-12,16:43:15,187,1.03,2.57,31
2024-09-12,16:43:15,187,1.03,2.57,31
2024-09-12,16:43:15,187,1.03,2.57,31
2024-09-12,16:43:15,183,1.01,2.57,31
2024-09-12,16:43:15,183,1.01,2.57,31
2024-09-12,16:43:15,179,0.99,2.57,31
2024-09-12,16:43:15,179,0.99,2.57,31
2024-09-12,16:43:15,176,0.97,2.57,31
2024-09-12,16:43:15,176,0.97,2.57,31
2024-09-12,16:43:15,173,0.95,2.57,31
2024-09-12,16:43:15,173,0.95,2.57,31
2024-09-12,16:43:15,170,0.93,2.57,31
2024-09-12,16:43:15,167,0.91,2.57,31
2024-09-12,16:43:15,167,0.91,2.57,31
2024-09-12,16:43:15,165,0.9,2.57,31
2024-09-12,16:43:15,165,0.9,2.57,31
2024-09-12,16:43:15,162,0.88,2.57,31
2024-09-12,16:43:15,162,0.88,2.57,31
2024-09-12,16:43:15,159,0.86,2.57,31
2024-09-12,16:43:15,159,0.86,2.57,31
2024-09-12,16:43:15,159,0.86,2.57,31
2024-09-12,16:43:16,157,0.85,2.57,31
2024-09-12,16:43:16,157,0.85,2.57,31
2024-09-12,16:43:16,157,0.85,2.57,31
2024-09-12,16:43:16,153,0.83,2.57,31
2024-09-12,16:43:16,153,0.83,2.57,31
2024-09-12,16:43:16,150,0.81,0.38,31
2024-09-12,16:43:16,150,0.81,0.38,31
2024-09-12,16:43:16,148,0.79,0.38,31
